{"cameraMode":{"drawMode":0,"name":"Shaded","section":"Shading Mode"},"sceneLighting":true,"audioPlay":false,"sceneViewState":{"showFog":true,"showMaterialUpdate":false,"showSkybox":true,"showFlares":true,"showImageEffects":true,"showParticleSystems":true},"in2DMode":false,"pivot":{"x":-0.22666355967521668,"y":1.9822543859481812,"z":0.5645489692687988},"rotation":{"x":-0.131722554564476,"y":0.05558507516980171,"z":-0.0073440661653876308,"w":-0.9897227883338928},"size":9.991697311401368,"orthographic":false}