{"cameraMode":{"drawMode":0,"name":"Shaded","section":"Shading Mode"},"sceneLighting":true,"audioPlay":false,"sceneViewState":{"showFog":true,"showMaterialUpdate":false,"showSkybox":true,"showFlares":true,"showImageEffects":true,"showParticleSystems":true},"in2DMode":false,"pivot":{"x":-1.2400000095367432,"y":1.9299999475479127,"z":0.5645489692687988},"rotation":{"x":-0.09296665340662003,"y":-0.06656268984079361,"z":0.006230178754776716,"w":-0.9934304356575012},"size":9.270151138305664,"orthographic":false}